lad,pop,hd_mort,edu_lv3,income,health_eat,community,fuel_poverty,gp_access,ae_attn,obesity,chd_emer_elec_ratio,test
E06000001,93242,48.92,51.300000000000004,15071,19.278770003823258,1020.75,12.6,72.16067777584756,564.3193367025075,13.7325035576984,1.8924302788844622,FALSE
E06000002,140545,67.4,45.9,14968,20.036655805687204,964.21,15.4,72.0607712504212,351.52029354391925,12.4628562926435,1.3541963015647227,FALSE
E06000003,136718,54.27,51.2,14529,21.733949327173395,806.47,12.1,72.06077125042118,351.5202935439192,12.4628562926435,1.28892455858748,TRUE
E06000004,197213,40.93,52.900000000000006,15395,21.776019571610757,940.14,11.3,72.16067777584756,564.3193367025076,13.7325035576984,1.49338146811071,FALSE
E06000005,106566,44.37,54.6,15487,22.52472893285144,639.38,12.2,73.36218912772357,558.8947996138046,14.254000554990299,1.4071146245059287,FALSE
E06000006,128432,47.58,54.400000000000006,15396,21.63302108901468,862.71,11.8,75.15689000789148,754.98609173936,14.1024904214559,1.3469945355191257,FALSE
E06000007,209547,43.98,63.3,19377,26.58924168347843,733.12,9.8,79.03343023255815,333.96548999324744,10.4011087185596,1.3907692307692308,FALSE
E06000008,148942,75.96,61.199999999999996,12450,23.97135640633346,675.08,16.5,61.86204763377668,364.43634434780245,11.4231493574433,1.0874922982131854,FALSE
E06000009,139305,70.5,52.300000000000004,14795,23.852139020479886,1015.11,17.5,62.937703117132784,311.03847120945437,14.1885325558795,0.9962349397590361,TRUE
E06000010,260645,59.77,41.300000000000004,13380,20.925047391735667,907.02,12,56.98326613504371,528.9732554565016,11.5348288075561,0.8368355995055624,FALSE
E06000011,339614,38.14,59.099999999999994,18427,26.957914064307193,640.88,8.5,66.4259307504024,383.5451319015647,12.126627530011975,0.8463999999999999,FALSE
E06000012,159821,50.87,46.6,15039,22.845880081073748,653.85,11.5,56.97871815506436,350.845774895692,12.5642147087821,1.1820809248554913,FALSE
E06000013,172005,36.7,50.6,14953,23.32655861355482,698.04,9.1,70.150630527124,375.6455447167801,11.8206512348026,1.0930232558139534,FALSE
E06000014,209893,32.43,62.9,18070,26.512078744064482,712.54,8.9,80.16054221696419,282.2758639957534,10.2696346073079,1.4774774774774777,FALSE
E06000016,355218,61.24,51,12848,22.057413798188954,700.27,13.9,67.27139098563362,379.23827951186047,8.45234146628766,1.5012594458438286,FALSE
E06000017,39697,31.63,67.4,18254,35.280652242082155,518.78,8,83.18648979847403,368.57403743722415,9.12245220176382,0.8579481397970686,FALSE
E06000018,331069,62.01,42.6,12232,24.219375195299104,883.53,12.6,86.10433909824812,399.39191224844905,8.61389191931585,2.1153846153846154,FALSE
E06000019,192107,33.7,56.00000000000001,19089,28.926181379964618,575.29,12.2,72.17342850319739,287.0439334632796,10.3256407917541,1.3846153846153846,FALSE
E06000020,177799,42,54.1,16291,23.210549719709284,788.83,11,58.0386087465752,291.6300527240773,10.972296199408,1.0973370064279155,FALSE
E06000021,255833,50.79,46.7,14075,20.26033366282706,1126.93,14.7,70.7587094153096,322.10067319461444,15.1674449749115,1.672926447574335,FALSE
E06000022,192106,28.23,58.4,21955,29.889856557377048,558.76,10.9,93.2707740527335,266.9226795063675,8.51839389860924,1.2394366197183098,FALSE
E06000030,221996,34.9,50.2,18536,24.01124844984484,849.2,9.1,66.59349603522055,247.42226554465537,11.1500787359543,1.2922705314009661,FALSE
E06000031,201041,46.07,53.1,16563,24.154125306863058,590.62,11.4,70.15819966376633,343.4132863646487,8.71007314609836,0.9432387312186978,FALSE
E06000032,214109,46.64,59.099999999999994,14889,26.06199037860324,772.49,13.9,61.782877316857906,311.8902537466961,10.6493918681493,0.820069204152249,FALSE
E06000033,182463,33.64,60.6,19088,26.27918529557874,636.34,11.4,75.3281780062791,340.8806500592328,8.74833555259654,0.7680577849117175,FALSE
E06000034,172525,41.87,50.6,17507,23.03068428042217,658.04,9.1,56.47090087695987,396.6472085017213,10.2085754480396,1.0243654822335027,FALSE
E06000035,277855,38.46,51.1,17884,22.424858524153958,483.08,10.3,56.65330483101175,371.02124634704995,11.2504858948545,1.0042462845010616,FALSE
E06000042,268607,34.85,57.400000000000006,20039,23.752926436012757,621.48,6.9,54.85718845272806,278.36412097194545,9.21455466798044,0.9933166248955723,FALSE
E06000043,290395,34.65,56.400000000000006,20508,26.529512510965368,487.89,11.7,72.75911581577135,311.4660009888358,5.33962949509626,0.6134259259259259,FALSE
E06000044,215133,35.44,43.5,15066,24.011175600717763,640.35,12.1,60.69606766965842,402.22127057421613,10.478590494254,1.2386706948640482,FALSE
E06000045,252796,48.53,46.900000000000006,14797,24.621714761046523,856.65,11.5,68.48867183601264,411.0903549306853,9.31022462548249,2.5564102564102567,FALSE
E06000046,141538,40.55,48.1,16781,25.632344495967224,716.38,11,65.52266394460231,337.6300090130045,10.5472620246947,2.1282722513089003,FALSE
E06000047,526980,39.92,51.4,15221,20.89824857961215,758.03,11.8,72.15306551317967,360.9547576047175,14.639017017987934,1.4711643090315558,FALSE
E06000049,380790,33.92,63.9,22025,30.331255114751187,615.1,10.5,81.80305913513217,292.98238628067804,9.211115226771454,1.5142857142857142,FALSE
E06000050,340502,35.12,57.50000000000001,19372,27.868804322292696,640.79,10.9,86.15073720036693,343.9585319351763,11.294477271212964,1.3847203274215554,FALSE
E06000051,320274,34.43,57.99999999999999,18856,27.058191103346324,688.92,11.8,88.42773577283614,267.63633114531245,11.5494071455694,1.2971768202080238,FALSE
E06000054,498064,26.62,59.599999999999994,20292,28.591489708745783,586.33,9.3,90.02000890175589,268.18711366907655,9.36120866238426,0.8371628371628372,FALSE
E06000055,171623,39.59,59,20136,29.307028547534873,592.98,11.1,63.76303780964798,290.20210503743675,10.4043664226298,0.5865595325054784,FALSE
E06000056,283606,29.37,56.900000000000006,20719,27.583212342429135,586.51,8.4,63.76303780964798,290.20210503743675,10.4043664226298,0.675,FALSE
E07000004,199448,26.89,68.7,26093,26.448947138602314,527.86,7.6,54.85718845272806,281.3394994827679,9.21455466798044,0.5855481727574751,FALSE
E07000008,125758,33.92,62.6,24472,37.352408015285874,845.98,12.3,70.15819966376633,343.4132863646487,8.71007314609836,0.9426433915211969,FALSE
E07000009,89362,32.43,56.2,20406,29.61022932751643,629.73,8.3,70.15819966376633,343.4132863646487,8.71007314609836,0.8634953464322647,FALSE
E07000010,101491,42.62,42.3,19399,23.18353581231614,741.05,10.1,70.15819966376631,343.4132863646487,8.71007314609836,1.0677824267782425,FALSE
E07000011,177352,24.07,55.7,20630,29.4788366178372,664.97,8.1,70.15819966376633,343.4132863646486,8.71007314609836,0.9034188034188034,FALSE
E07000012,157519,21.99,67.10000000000001,21331,31.905983396300634,643.06,8,70.15819966376633,343.4132863646486,8.71007314609836,0.8296703296703297,FALSE
E07000037,92221,31.4,58.9,19188,31.67582785896233,605.05,8.5,80.69896489595027,373.1998869935517,10.985541109314012,1.4340723453908986,TRUE
E07000066,185862,35.8,49,19809,24.76840838487588,726.26,8.4,58.26312332714214,362.4058761029242,8.23255454334587,1.0848356309650053,FALSE
E07000067,151561,34.11,46.7,18938,27.593160525984118,567.18,9,63.8942924547825,273.9948202801992,8.29475161022894,0.8241650294695482,FALSE
E07000068,76550,24.19,69.9,22940,31.660436034009333,510.52,8.4,58.26312332714214,362.4058761029242,8.23255454334587,0.9271604938271604,FALSE
E07000069,90070,32.15,53.400000000000006,19249,26.3578647140291,648.58,10,62.928600242033085,286.9995039937059,9.37363089627338,0.703125,FALSE
E07000070,177079,28.45,65.7,22246,30.45999698550891,582.08,8.1,63.89429245478251,273.9948202801991,8.29475161022894,0.7606589147286822,FALSE
E07000071,192523,29.21,56.60000000000001,19526,28.970583412586492,653.64,10.1,53.0138203658873,361.53726995775025,11.0461066498241,1.2077562326869806,FALSE
E07000072,131137,25.31,57.8,24393,29.225641273368435,510.34,9,77.46901239504197,355.91264908893766,8.67935154270083,0.7214461791290057,FALSE
E07000073,86594,48.42,53.5,22960,25.73572194150972,775.11,8.1,77.46901239504197,355.91264908893766,8.67935154270083,0.8683870967741935,TRUE
E07000074,64425,31.51,52.300000000000004,21234,30.708676425739554,535,9,63.8942924547825,273.9948202801992,8.29475161022894,0.7387127761767532,FALSE
E07000075,86981,20.34,56.50000000000001,19802,28.737401816134227,520.05,8.6,62.92860024203307,286.99950399370584,9.37363089627338,0.7653679653679654,FALSE
E07000076,145803,37.51,44.6,16988,28.52839460464647,764.48,11.4,53.0138203658873,361.53726995775025,11.0461066498241,1.2009512485136742,FALSE
E07000077,89179,30.85,65,23660,28.754930717103267,550.07,9.3,77.46901239504197,355.9126490889377,8.67935154270083,0.6864919354838709,TRUE
E07000078,117090,32.91,62.1,21371,31.50943396226415,775.73,10.4,88.54745718434276,303.38822298432586,9.90392436047781,1.2574257425742574,FALSE
E07000079,89022,25.83,67.60000000000001,21198,33.14349387148694,580.02,10.2,88.54745718434273,303.38822298432586,9.90392436047781,1.1210762331838564,FALSE
E07000080,86543,39.99,50.1,19578,28.496301680277053,650.07,10.9,88.54745718434275,303.3882229843258,9.90392436047781,0.7530991735537191,FALSE
E07000081,129285,54.01,56.800000000000004,20487,24.71260356740481,762.72,10.3,88.54745718434273,303.3882229843259,9.90392436047781,1.139240506329114,FALSE
E07000082,119019,27.78,61.8,20196,30.559210180088204,620.13,9.9,88.54745718434275,303.3882229843259,9.90392436047781,0.9439252336448598,FALSE
E07000083,92599,30.22,55.50000000000001,20205,28.046455899572475,621.36,8.8,88.54745718434275,303.3882229843259,9.90392436047781,1.1642949547218628,FALSE
E07000084,175729,33.64,58.3,22783,27.40871449804872,506.64,6.5,66.90744887364836,272.2483432397784,8.023786050074717,0.810126582278481,FALSE
E07000085,120681,24.21,63.9,24662,28.578870055319992,469.03,7.2,77.76088923675098,307.48531774830275,11.69875624407336,0.8686224489795917,FALSE
E07000086,131819,32.14,60.8,20647,26.502128316747587,588.06,7.2,82.65866698889536,305.72437251140525,9.73850926249563,1.371057513914657,FALSE
E07000087,116339,19.3,60.699999999999996,20307,28.615113451757786,443.91,6.8,64.83124378497475,319.64379986652455,11.6273285897133,1.1652754590984975,FALSE
E07000088,85283,34.06,50.4,19687,23.81516763211307,543.9,8.2,64.83124378497475,319.6437998665246,11.6273285897133,1.1846153846153846,TRUE
E07000089,96293,18.05,70.5,23528,30.599153631883436,475.13,6.7,72.00648334490039,291.57527153691024,8.80681882848717,0.5441176470588236,TRUE
E07000090,125813,33.66,49.9,19645,24.24218409478147,555.21,8.6,81.79057019055365,321.55340537586795,13.241111251246899,1.0345303867403315,FALSE
E07000091,179753,26.2,57.10000000000001,23355,28.93078351381755,594.6,8,82.65866698889536,305.7243725114052,9.73850926249563,0.8016194331983806,TRUE
E07000092,95142,29.82,49.3,23466,26.64787364616069,607.85,7.5,73.77927843865686,298.3447719014938,9.08529224995566,0.5445440168687401,FALSE
E07000093,125169,27.62,57.99999999999999,24155,28.28850312228442,529.61,7.3,82.65866698889536,305.72437251140514,9.73850926249563,1.1332263242375602,FALSE
E07000094,124295,28.03,72,25232,30.482612504329047,412.52,8.1,82.60586546760418,306.68505319774914,9.949528840364014,1.0470219435736676,FALSE
E07000095,96876,33.66,54,23826,26.009225682593858,635.43,8.1,66.51021088522944,346.308867204073,8.96290478466582,0.6617100371747212,FALSE
E07000096,154280,29.28,59.9,24056,30.507522264897773,579.77,8.4,81.16359655400761,328.29904293284307,8.33145750155003,0.7476439790575917,FALSE
E07000098,104205,25.97,66.2,24318,32.029902966384334,627.36,9,81.16359655400761,328.29904293284307,8.33145750155003,0.7111111111111111,FALSE
E07000099,133214,28.39,65.3,23554,31.39516997385018,596.94,8.8,67.06784973895448,345.88215421551894,8.926293366411885,0.5590304925723221,FALSE
E07000102,93045,27.44,78.10000000000001,24613,32.87232412707698,711.03,8.8,81.1635965540076,328.29904293284307,8.33145750155003,0.6704249783174328,FALSE
E07000103,96767,39.28,71.2,24854,28.180012329611614,775.19,10.2,81.16359655400761,328.29904293284307,8.33145750155003,0.7720070422535212,FALSE
E07000105,129281,26.4,46.400000000000006,19843,24.578795869482075,466.33,8.4,67.01623118390431,294.9243367075964,9.34422017300939,0.8396313364055299,TRUE
E07000106,164553,30.89,53.2,18679,25.513824185102617,464.88,10.6,69.39594972067039,274.22672576377306,7.22996701074811,0.9809782608695652,FALSE
E07000107,109709,35.26,61.8,19449,21.794640386026977,664.96,7.7,62.71433439428104,408.8926232432868,8.78130328028457,0.9682926829268294,TRUE
E07000108,116969,35.42,50.1,17378,23.980639327695336,484.78,10.1,70.1965107530133,444.006749181105,10.749732357050243,0.9342629482071713,FALSE
E07000109,106385,33.21,56.900000000000006,18453,24.535059756052533,684.6,10.1,62.714334394281025,408.8926232432868,8.78130328028457,0.7842761265580057,FALSE
E07000110,169955,27.09,60.9,20398,25.09650467981598,599.94,8.5,72.71597141565047,339.32620667314546,8.13953189068698,1.0265604249667994,TRUE
E07000111,120293,22.77,32,25029,30.177787297847274,478.81,8.2,68.64764511416482,367.36750701419675,8.399776122696016,0.7603911980440098,FALSE
E07000112,112578,33.61,43.7,17390,23.892786669590002,531.55,10.6,70.3554625991318,475.184412505842,11.4066486993624,0.8552631578947368,FALSE
E07000113,148519,32.8,50.4,17942,20.86328436989964,484.92,9.8,63.2002425489643,452.24732668046363,12.106176119316533,1.0255591054313098,TRUE
E07000114,141819,37.9,48.699999999999996,17009,23.090951350771487,568.55,12.3,52.37275800384974,369.635696612917,10.0523245839767,0.8603678929765887,FALSE
E07000115,130508,25.9,56.2,25094,26.229638695682457,542.58,7.9,72.71597141565047,339.3262066731455,8.13953189068698,0.8157894736842106,FALSE
E07000116,118054,29.29,70.10000000000001,25407,30.059514023608326,544.18,9,72.71597141565047,339.32620667314546,8.13953189068698,0.6281287246722288,FALSE
E07000117,88527,57.68,42.6,14604,24.73581328355796,768.95,16.4,71.00713944511148,360.1924361317996,11.3914869005889,1.0689149560117301,TRUE
E07000118,116821,38.1,65.4,18696,25.431651964110685,628.44,9.8,66.10628600911514,234.54218948117295,10.382332661862698,1.051150895140665,TRUE
E07000120,80815,65.36,57.10000000000001,14818,25.21370961250543,693.76,15.4,71.00713944511148,360.1924361317996,11.3914869005889,1.101131541725601,FALSE
E07000122,91405,56.97,57.300000000000004,14628,26.234104335636328,597.44,17.3,71.00713944511148,360.19243613179964,11.3914869005889,1.1101949025487254,FALSE
E07000124,60057,43.55,69.80000000000001,18086,30.888478995253983,503.31,10.2,71.86349721389162,339.7590903848182,11.3914869005889,0.829734219269103,TRUE
E07000125,70895,50.24,58.699999999999996,15285,23.763448624449417,578.24,12.1,71.00713944511148,360.1924361317996,11.3914869005889,0.9958982772764561,TRUE
E07000126,110527,33.47,64.7,17585,26.267454166808918,566.18,9.5,70.29714698954406,244.3732536095272,10.3823326618627,0.9780509218612818,TRUE
E07000127,113949,39.85,57.99999999999999,18623,25.867981840154165,648.39,10.7,60.5358740853819,760.4871209248596,10.6097264630371,1.2819593787335721,FALSE
E07000129,100421,30.21,56.50000000000001,18334,28.812896058976495,592.09,7,82.46157943923829,361.91538172518017,9.268619772208709,1.3898858075040783,FALSE
E07000130,182643,31.59,53,18970,28.690338429055767,571.33,8.8,78.3851438143702,324.6197439366178,10.132864020102957,1.1714697406340056,FALSE
E07000131,92499,25.61,63.1,18622,30.601607379207774,561.17,6.9,82.66262523374535,363.7612840810861,9.234780779054466,0.8020594965675056,TRUE
E07000132,112423,31.65,50.9,18063,27.147266509748192,602.95,7.6,77.86036707032218,319.8367484027246,10.2397760845903,1.205607476635514,FALSE
E07000133,51100,31.51,57.2,18089,30.6826230308951,568.76,8.3,83.18648979847403,368.57403743722415,9.12245220176382,1.3069466882067853,TRUE
E07000134,102126,34.73,54.1,18256,24.8420741543425,615.68,7.9,77.8603670703222,319.8367484027246,10.2397760845903,1.234375,FALSE
E07000135,57056,42.39,60.6,17996,30.488529133581153,648.6,8.2,83.18648979847403,368.57403743722415,9.12245220176382,1.3510791366906476,TRUE
E07000136,69366,50.87,50.3,16659,22.808523069619678,620.5,9.9,60.9251925671265,456.39562285234416,13.330850775718702,1.2340425531914894,TRUE
E07000137,140741,52.2,51.5,15878,27.034489855420446,681.15,10.1,60.9251925671265,456.39562285234416,13.3308507757187,1.2336655592469548,FALSE
E07000138,99039,56.07,47.300000000000004,18247,23.91073063314942,713.31,10.6,63.62698782354116,410.94618491523204,11.549936070464598,0.9934640522875817,TRUE
E07000139,115985,34.49,57.50000000000001,16992,27.960325042669904,585.71,7.3,64.69041922499024,363.50064181996055,12.084624509854404,0.9461009174311926,FALSE
E07000140,93980,48.66,54.2,16634,24.71482387152204,579.92,7.7,60.85376804164499,348.313189087059,11.903645010198762,1.2380422691879864,TRUE
E07000141,141853,33.66,63.800000000000004,17145,29.18967874837953,567.86,8.2,63.62389069965305,316.8669891621905,12.33805102137057,0.9671120246659815,FALSE
E07000142,94869,35.24,60.9,16597,29.20918200702891,536.28,9.3,63.03260465872933,420.4472448748611,11.925553163250717,0.9716599190283401,TRUE
E07000143,139329,27.47,48.1,17225,27.223575862130296,596.25,10,71.59056745483355,225.55784996637144,12.0514855585079,1.0148148148148148,TRUE
E07000144,129464,28.38,55.900000000000006,17096,29.93357150302766,584.36,8.8,77.06280784813538,237.2743516804232,11.7470664928292,0.8242548818088387,FALSE
E07000145,99370,43.77,40.2,16411,24.01629245970885,691.43,13.2,63.62169624590408,334.78147979858863,11.9712338982358,0.9861495844875346,FALSE
E07000146,151811,33.83,44.7,17859,27.067441727371577,830.52,10.7,74.49336049707387,288.467029891832,12.0514855585079,1.5044150110375278,FALSE
E07000147,104552,28.48,45.800000000000004,17587,30.61189763136401,620.19,11.6,84.7836298850838,229.6526848565943,11.7470664928292,0.9318885448916407,FALSE
E07000150,70827,48.94,39.4,18540,19.555780098050224,863.93,8.1,98.18601340239083,248.654435596228,10.3014631482582,0.4540190735694823,TRUE
E07000151,84484,33,56.800000000000004,19988,30.71638715072953,654.14,7.4,67.85345938363345,319.172061228989,10.4946156390422,1.0941644562334216,FALSE
E07000152,93906,39.52,51.1,18375,28.080621753224733,672.18,7.8,68.28646164875461,323.5963342713646,10.17231467233471,0.4776595744680851,FALSE
E07000153,101266,36.92,51.300000000000004,18362,26.921451891684274,839.14,8.5,67.85345938363346,319.1720612289889,10.4946156390422,0.40668868703550787,FALSE
E07000154,225146,47.46,49.8,20006,27.239076111072187,831.14,8.5,67.85345938363346,319.1720612289889,10.4946156390422,1.278466741826381,TRUE
E07000155,92515,28.8,65.5,20271,33.632249989684624,531.45,6.8,67.85345938363346,319.172061228989,10.4946156390422,1.1394700139470013,TRUE
E07000156,79478,39.27,46.6,17989,27.94552796351093,782.83,8.6,67.85345938363345,319.1720612289889,10.4946156390422,0.5419354838709678,TRUE
E07000163,56832,25.88,64,20259,29.89715070963863,766.36,9.4,94.91282471553762,286.73939492334733,12.872941176470603,0.805921052631579,TRUE
E07000164,91134,34.21,60.6,20397,28.955235886366985,611.52,8.3,90.28831729515755,275.7104452789158,10.915722776357525,1.3413078149920254,TRUE
E07000165,160533,32.77,69.80000000000001,21292,31.576802827165235,691.03,8.2,99.05442524125526,281.1044577511643,9.08646947009369,0.8430379746835444,FALSE
E07000166,53244,36.96,61.1,21131,28.453436035450792,521.32,9,92.54079737018391,274.3446609865178,11.0508799354546,1.5017361111111112,TRUE
E07000167,54920,28.72,65.60000000000001,20366,28.13067150635209,579.31,10,82.39621676300845,421.31211483459225,11.694353965144428,1.1954484605087015,FALSE
E07000168,108736,44.86,54.2,19703,25.99899063533898,867.26,11.6,85.9479937219689,483.5265840954678,12.562385980200913,1.3561786085150571,TRUE
E07000169,89106,38.15,59.699999999999996,20773,24.161415208975047,629.47,7.1,80.16054221696419,282.2758639957534,10.2696346073079,1.4295676429567643,FALSE
E07000170,127151,47.27,39.300000000000004,16405,21.23944953214218,775.12,9.3,77.05869416682918,334.7001646508741,13.30520913587002,1.4343163538873995,FALSE
E07000171,116839,38,48.9,16201,25.50445975538108,721.19,9.1,64.75050034477539,346.28679895861455,13.7011278400716,1.3694444444444445,FALSE
E07000172,113272,34.59,50.7,19301,30.152755046372064,718.83,8.6,91.19198262651713,312.3696425877111,12.5773556319562,2.0635593220338984,TRUE
E07000173,117786,29.88,54.50000000000001,19130,28.75846836706522,684.37,8.3,94.41538917761477,325.4895203104554,11.06674068341888,1.848722986247544,FALSE
E07000174,108841,41.37,46,16394,22.026334701068688,874.52,9.8,70.18578890352505,339.0909412400665,14.189323660642602,1.2275784753363228,TRUE
E07000175,121566,34.18,52.1,16353,27.21464287919007,617.95,9.1,70.41736468037607,367.47224033129424,13.265083360530427,1.1118963486454652,FALSE
E07000176,117671,27.52,69.10000000000001,20021,33.90587831901078,541.26,7.7,95.90026372572524,269.6086941425645,10.069934151015,2.0022935779816513,FALSE
E07000177,149161,31.28,54.6,23184,26.17136360504375,506.46,7.8,85.91567785650132,246.17717339617735,9.04356370782837,1.2463768115942029,FALSE
E07000178,154327,30.16,57.50000000000001,25585,32.26362092418645,640.2,11.7,85.91567785650132,246.17717339617735,9.04356370782837,1.2861230329041489,FALSE
E07000179,140504,20.58,63,23358,29.139978800699396,479.24,7.7,85.91567785650132,248.35500405278185,9.04356370782837,0.9469914040114613,FALSE
E07000180,133732,23.49,56.10000000000001,23042,26.924506897242058,442.87,7.4,85.07021444471135,246.23465006682648,9.137557289385889,1.1404320987654322,FALSE
E07000181,109800,23.34,62.8,22763,28.55765367617517,468.54,7.3,85.91567785650132,246.1771733961773,9.04356370782837,1.110632183908046,FALSE
E07000187,114881,26.36,58.199999999999996,19285,28.630492086582738,600.84,10.7,90.64434629997494,398.5097743731425,9.75789264846115,1.033939393939394,TRUE
E07000188,122791,32.64,53.900000000000006,18673,25.38799832658184,707.08,10.8,90.64434629997493,398.5097743731424,9.75789264846115,0.874468085106383,FALSE
E07000189,167861,28.48,54.6,18506,29.170126327026868,775.92,10.5,90.64434629997493,398.5097743731424,9.75789264846115,0.7851711026615968,FALSE
E07000192,100109,49.41,46.2,18283,21.383514246099654,923.51,10.8,72.82671700132276,412.66034537635363,12.2210365146383,1.1671701913393757,FALSE
E07000193,118574,38.05,56.10000000000001,18253,25.405277226869018,828.42,12.6,78.02412533574541,320.7335122001409,10.258704634576398,1.0840751730959446,FALSE
E07000194,103965,28.74,60,18181,26.884048488597568,675.15,9.4,76.36577312857122,423.5401230314771,10.167175442677813,0.8010204081632654,FALSE
E07000195,129490,51.01,54.400000000000006,18189,24.757029383152148,879.72,11.3,78.43173228635379,245.55473108527772,12.0702941767741,1.4111600587371513,FALSE
E07000196,112126,34.63,59,18166,25.461634266529487,660.37,9.2,74.222861142789,409.29830466294953,10.588420169016986,1.004032258064516,FALSE
E07000197,135880,28.86,58.8,18399,27.153515507856163,1007.96,10.1,69.4815606627472,321.2344027073198,9.82119292689364,1.182608695652174,FALSE
E07000198,98397,32.29,63.2,17670,25.049746293901105,727.63,10.8,77.70915844751237,251.99677923225906,12.328558752968751,1.2563291139240507,TRUE
E07000199,76678,45.47,48.1,18260,21.937696675047036,727.61,9.7,76.41921397379912,435.7788998281398,10.0089649459266,1.0045537340619308,FALSE
E07000200,91401,22.11,57.8,18654,30.31992637903968,569.86,9.9,73.42099325356564,268.5641589457261,10.497947712548571,0.8260437375745526,FALSE
E07000202,137532,46.34,51.2,19347,24.366637934265263,635.27,12.8,69.07801452819717,273.5928814227179,11.5202394068247,1.0072072072072071,TRUE
E07000203,102493,26.07,62,18850,30.16549830165498,520.32,9.3,70.6436007231349,271.82754745796717,11.159593215220326,0.9222972972972974,FALSE
E07000207,136626,24.09,66.5,29325,35.22815760784924,465.01,7.7,78.5817099569739,420.3525000346837,7.1684587563431394,0.7536842105263157,FALSE
E07000208,79928,24.62,74.7,27973,30.527926549349655,455.36,7.7,83.15080060955684,353.52308647844023,6.2286060566356,0.7554404145077721,FALSE
E07000209,147889,20.64,69,29223,30.86870082388422,559.62,8.5,83.6727334278973,302.76505386078804,5.736027405368133,0.6157540826128722,FALSE
E07000210,87253,21.92,66,27469,32.26117075554406,495.22,7.9,83.15080060955682,353.52308647844023,6.2286060566356,0.7762557077625571,TRUE
E07000211,147757,27.72,53,27010,29.357846401906833,498.21,7.4,85.05131712257395,341.93501610968235,6.844008948203732,0.726775956284153,FALSE
E07000212,88000,31.66,64.60000000000001,28987,29.45165011394649,607.92,7.8,72.95687585392707,474.7286717973503,8.3520571285052,0.7129881925522253,TRUE
E07000213,99334,34.24,57.00000000000001,27988,27.825058493816368,665.41,7.1,72.95687585392707,504.2643521057687,8.3520571285052,0.6649999999999999,FALSE
E07000214,88874,22.15,65,27736,30.614352090862155,523.45,7.2,87.35629294571346,349.4255874997421,7.094005067310793,0.5019262520638416,FALSE
E07000215,87496,29.38,50.5,26830,30.331359565965638,491.21,7.6,86.04886078790827,336.1573307779423,7.14907793967209,0.6863323500491642,FALSE
E07000216,125610,23.31,62.6,27506,33.406486976590834,537.4,8,79.59472679281755,298.98343420561866,6.785323870286028,0.5063492063492063,TRUE
E07000217,101167,26.6,65.2,28064,30.573429832852128,506,7.5,72.95687585392707,504.2643521057687,8.3520571285052,0.6156378600823045,FALSE
E07000218,64850,38.27,47.400000000000006,20624,23.843900197231104,561.65,9.8,70.60137043280281,448.12560447416007,10.7906494852037,1.2611190817790532,FALSE
E07000219,128902,44.57,46.300000000000004,20471,21.7478728567608,660.4,10.8,70.60137043280282,448.12560447416007,10.7906494852037,1.7548845470692718,FALSE
E07000220,107194,36.23,61.199999999999996,20935,25.217506407865127,729.51,10.3,71.29916867803064,446.3179236566344,9.22854943745129,1.7421052631578948,FALSE
E07000221,127580,28.83,68.60000000000001,21265,30.35814213766088,670.78,9.6,87.61682242990653,315.4514688583752,8.51893399884879,1.1535836177474401,FALSE
E07000222,142484,29.96,62.4,22630,29.655681472797536,724.77,10,87.61682242990653,315.4514688583751,8.51893399884879,1.2616487455197134,FALSE
E07000223,63869,28.97,45.5,21528,25.3697629196048,665.12,8.5,79.69565860300231,313.94264981508024,9.57312743636646,0.625,FALSE
E07000224,159827,39.84,49.3,20731,26.65390569591776,716.21,8.6,79.69565860300233,313.94264981508024,9.57312743636646,0.7406143344709897,FALSE
E07000225,120750,27.19,56.300000000000004,21814,30.725554609238753,586.98,9.3,79.69565860300231,313.94264981508024,9.57312743636646,0.8517200474495848,TRUE
E07000226,112448,42.47,49.4,22830,24.535538353272344,547.4,6.9,68.04129810963524,583.3894500561167,11.745272599806,0.8571428571428572,FALSE
E07000227,142217,20.06,68.9,22886,30.05021926722309,494.14,7.3,81.10485924783212,334.9798402789936,7.931571362241914,0.6436990027198549,FALSE
E07000228,149716,23.54,63.7,22839,28.725997519565492,476.71,7.5,81.94114913289144,347.54308960496735,6.93697205977908,0.6063063063063063,FALSE
E07000229,110025,40.82,55.800000000000004,21764,26.69069395804291,651.8,9,79.69565860300231,313.9426498150802,9.57312743636646,0.6356164383561643,FALSE
E07000234,98662,23.86,63.5,20176,28.63862298666463,687.43,9,94.9954178680793,326.1802575107296,11.2413399395293,1.2602339181286548,FALSE
E07000235,78113,19.85,60.3,19309,31.478440388495283,559.06,11.3,86.37983078412634,287.59733387301725,10.7897755523105,1.0909090909090908,TRUE
E07000236,84989,34.14,51.6,19720,23.22616743285749,750.61,9.3,94.9954178680793,326.18025751072963,11.2413399395293,1.9326647564469916,FALSE
E07000237,101891,38.83,54.400000000000006,20618,25.206351556427435,627.73,11.1,86.37983078412637,287.59733387301725,10.7897755523105,1.2697947214076244,FALSE
E07000238,127340,27.71,59.099999999999994,19773,28.02813890670242,579.36,9.5,86.37983078412636,287.59733387301725,10.7897755523105,1.3499999999999999,FALSE
E07000239,101062,35.7,52.1,18897,26.03248544284401,753.48,11.2,76.67470331149524,296.14021741306476,13.7803135375951,1.0762463343108504,TRUE
E08000001,285372,56.03,60.3,15260,23.428815536834755,702.95,13.5,83.61549589075938,341.85754905250514,13.7124248496994,1.9511834319526629,TRUE
E08000002,190108,54.35,63.9,15637,26.314249554318685,625.91,11.7,76.96217236622377,376.32043419957705,11.2583689702894,0.8709150326797385,FALSE
E08000004,235623,69.56,55.900000000000006,15023,23.02462444738291,737.31,12.9,80.11771140675917,423.37704748973033,12.8638178749331,1.1130952380952381,FALSE
E08000005,220001,72.31,55.00000000000001,15255,23.592450033470403,704.23,13.6,77.55107201712867,496.17190572016744,12.7292728498933,0.9087617668356264,FALSE
E08000006,254408,56.72,52.800000000000004,18564,21.5060502825487,885.11,12.8,77.34062307316708,445.3696034994331,12.3469942981514,1.5278766310794782,FALSE
E08000007,291775,37.71,59.8,17833,29.152706946473405,709.25,10.7,85.85322583200013,345.50879861782715,9.48890761022185,1.73266078184111,FALSE
E08000008,225197,58.68,54,17208,22.634219941248414,713.24,11.8,80.69896489595027,406.7481982965713,10.926779000423402,1.5004484304932737,FALSE
E08000009,236370,36.29,70.2,19021,28.591714138326964,600.96,11.4,76.47208768799389,406.0756882981851,10.0411883826554,1.3684210526315792,FALSE
E08000010,326088,46.99,57.00000000000001,15431,22.355452076057432,761.36,11.9,77.71412047495978,446.5114839348728,12.5047889631942,0.9632478632478633,FALSE
E08000011,149571,55.18,37.6,15317,20.293899770875328,939.67,13.9,77.7121541809139,929.6555454145963,13.5128132834468,1.2582278481012659,TRUE
E08000012,494814,55.23,50.9,14538,20.862839824761448,997.02,17.6,90.84465381043871,691.4676275026931,11.9475594979643,1.2528301886792454,FALSE
E08000013,180049,50.95,50.5,15305,23.81198347107438,882.7,12.4,75.61512907502534,609.677509736348,11.8764785825741,1.3871657754010693,FALSE
E08000014,275396,40.31,57.50000000000001,17672,27.038810631739054,912.31,13.1,83.60493127391243,565.53793649115255,10.803680594205751,1.4362244897959182,FALSE
E08000015,323235,40.76,55.50000000000001,17362,26.16805979840334,895.05,13.5,95.21866285792015,519.6147404727959,11.9673005943999,0.8643617021276596,FALSE
E08000016,245199,45.33,46.1,15552,18.991422929779095,856.27,10.7,72.4981495891139,376.00842391529653,17.4786306389044,1.548148148148148,FALSE
E08000017,310542,48.6,44.9,15595,20.61173154604374,828.71,10.8,61.916834293917056,361.8997575041531,14.680013909890498,1.2932098765432098,FALSE
E08000018,264671,42.54,51.4,15465,20.94372816001928,768.22,10.1,75.08838922198619,372.8858855419387,13.6264494820454,1.3269689737470167,FALSE
E08000019,582506,44.95,55.2,15057,23.138261840093417,736.45,10.7,92.14885284412243,312.378350572795,9.7760256554288,0.6848894348894349,FALSE
E08000021,300196,47.25,48.6,16180,21.561493350953995,914.19,13,86.34557375695222,510.64107454775444,11.3953949705439,0.8974358974358974,FALSE
E08000022,205985,47.71,55.1,15370,21.968109339407746,1067.17,9.3,92.48189836013805,432.15432818348603,12.914923134185301,1.478747203579418,FALSE
E08000023,150265,43.67,52.800000000000004,14892,20.408824629191074,982.55,11.2,68.19473385110815,581.2887336197781,14.5152567348314,0.7861635220125787,TRUE
E08000024,277417,46.98,51.800000000000004,14998,19.965986699812433,992.9,12.6,69.65772725833519,712.6873457522971,13.8607625178641,0.8446531791907514,FALSE
E08000025,1141374,55.23,58.9,14093,22.694159106948998,706.06,16.2,72.38684360458772,391.0068134059986,11.0807630415139,0.9966969446738233,FALSE
E08000026,366785,50.47,53.1,14175,22.642473183664535,872.25,14.7,71.29916867803064,446.3179236566344,9.22854943745129,1.8404255319148937,FALSE
E08000027,320626,38.54,56.00000000000001,15878,24.352624313238728,621.76,11.7,78.38477593462959,299.4011976047904,16.1582635473785,0.9227467811158798,FALSE
E08000028,327378,63.07,49.1,13164,19.082286990034955,641,15.2,72.38684360458772,447.780338670809,11.0807630415139,0.7938144329896907,FALSE
E08000030,283378,56.29,49.3,13791,20.415294046584673,688.16,13.7,75.35224594422557,338.3384460829162,13.6813199282845,0.8869936034115139,TRUE
E08000031,262008,57.4,49.5,13926,21.22840748341336,875.6,14.4,71.56596811299742,615.8303490361272,15.4831415780536,1.2957937584803256,TRUE
E08000032,537173,56.1,50.4,14444,23.704601587173048,805.34,13.5,83.50576199918937,336.07824717578154,13.058683463714967,1.689119170984456,FALSE
E08000033,210082,50.57,59.3,16060,24.974247383595127,682.13,10.7,70.21934542966586,343.9719692997092,11.8658774853465,1.5036075036075036,TRUE
E08000034,438727,42.2,60.9,16107,23.078808930950252,632.93,11.4,69.54898604308896,397.10832015778624,11.099216790635582,1.4992927864214993,FALSE
E08000036,345038,51.82,53,15955,20.374432747248708,882.06,9.5,78.36969985456898,391.5430152538045,13.238941230443999,1.9686985172981877,FALSE
E09000002,211998,47.88,53.900000000000006,19234,21.216444477344766,502.68,13.2,60.726198583344534,542.720139494333,12.829835924269,1.1471941122355105,FALSE
E09000003,392140,31.51,70.39999999999999,27455,36.802153360116755,496.98,12.4,76.27906545393,513.0762038214581,7.13581098301426,0.8013565891472868,FALSE
E09000004,247258,33.68,61,20766,28.406291851579528,566.53,9.8,69.15006792255193,276.82219316881844,10.699710775599,0.8382513661202186,FALSE
E09000005,330795,46.21,70.2,23580,32.080015183747065,646.1,14.9,69.2140804091433,547.6399373655767,8.66695854848887,0.9335418295543393,FALSE
E09000006,331096,26.58,65.4,27169,33.93597119211376,502.1,9.1,69.90236309608036,242.23819094555031,7.90831424121066,0.6758563074352548,FALSE
E09000007,262226,33.88,64.1,44892,38.50447115407374,544.12,11.7,102.37723992308236,410.0438295400539,4.90627585958769,1.0750407830342579,FALSE
E09000008,385346,33.13,64.60000000000001,21766,31.89916186124606,493.74,11.5,69.02877233880946,495.70498870009203,8.57134870546141,0.5981981981981982,FALSE
E09000009,341982,44.68,69,26655,37.08280499519693,761.26,13.6,69.29728982978713,567.3580111656313,9.09247188596805,0.7002739726027397,FALSE
E09000010,333869,37.38,64.3,21444,29.34772147634859,567.1,12.6,73.31083217856794,523.00125228202,10.5359734047862,0.8437001594896331,FALSE
E09000011,286186,46.15,58.8,21802,25.719269661111344,565.71,11.3,56.546581890628396,297.3735192982707,9.9682114049694,0.8161434977578476,FALSE
E09000012,279665,59.5,66.5,20175,25.73769732882737,539.13,11.9,103.81894466052124,432.1432737066451,9.54313089021656,1.1069182389937107,FALSE
E09000013,185426,34.78,67.80000000000001,55552,39.40671119250243,666.7,11.7,72.82083646867491,652.8660647689447,4.82342733563267,0.9922394678492239,FALSE
E09000014,270624,40.56,65.4,27179,33.146708780074775,617.47,14.5,67.09702720340204,473.3687435132213,9.84684486530915,1.2568370986920334,FALSE
E09000015,250149,32.95,75.1,23928,34.81822542966795,615.12,13.6,80.6243667173898,451.77526210844536,7.72900136156627,0.8998435054773083,FALSE
E09000016,257810,39.63,56.00000000000001,20095,27.187932231149105,455.75,9.9,65.60818790185016,402.8158539142268,9.96328908031877,1.1710362047440699,TRUE
E09000017,304824,40.96,61.3,23439,28.58364982047726,645.49,11.5,66.77682254137058,508.69339539988954,7.674849504822321,0.8151658767772513,FALSE
E09000018,270782,47.21,67.60000000000001,30230,30.95966660838142,706.87,12.7,62.344518852374264,619.8850036328231,9.82271676186335,0.796260477111541,FALSE
E09000019,239142,47.11,63.1,29371,28.54032601855423,692.2,10.4,91.94262169998474,431.06520945612266,6.88826278996015,1.485519591141397,FALSE
E09000020,156197,19.42,76.3,62600,56.501384107466336,476.14,11.7,84.92783073379198,484.57399261888116,5.77712596273756,0.6992715920915713,FALSE
E09000021,175470,28.68,71.89999999999999,26947,38.69355937667133,498.72,10.9,96.13375130616511,378.6618362699949,5.6903101165678,0.7678721614802354,FALSE
E09000022,325917,49.43,63.5,24965,31.98968430008204,603.22,10.3,93.91430612316591,395.79457778048857,7.020486606660559,0.94831223628692,FALSE
E09000023,303536,43.32,58.099999999999994,22139,30.617071780430326,546.57,10.9,82.666509767004,442.1814905239725,8.77427541979197,1.0991432068543452,FALSE
E09000024,206186,34.07,59.599999999999994,27213,40.60030203876164,559.3,11.1,74.98180914689335,387.8231859883236,6.03540345854069,0.8076241134751773,FALSE
E09000025,352005,52.81,64.4,18537,22.659528778848546,545.16,19.1,68.08465593190573,507.7013766284042,10.7478772566641,0.8188362327534494,FALSE
E09000026,303858,41.24,74.1,20933,29.700174352983545,425.14,13.7,60.957209246182636,383.2260091094707,8.75909752547307,0.7698066126013724,FALSE
E09000027,196904,27.58,68.10000000000001,33258,40.71304474200517,525.12,9.4,82.89371134067063,462.19989175168246,4.37889729980568,0.7662337662337662,TRUE
E09000028,317256,38.13,66.5,23284,31.786939536359487,565.38,9.1,69.19050058591104,457.8527119655964,9.1127748975207,1.0750551876379693,FALSE
E09000029,204525,28.99,67.2,24968,32.582511623154346,579.04,9.1,80.43993330798257,408.16932054198395,8.20802641605283,0.771701388888889,FALSE
E09000030,317705,47.12,64,23227,21.018351895984306,492.56,11.2,87.51819612326805,399.09268043063236,7.0800212765166,0.7381465517241379,FALSE
E09000031,276700,48.05,68,21595,26.953544159516984,485.35,14.6,67.70587309085182,357.15968866347885,8.0974033695104,0.6929133858267716,FALSE
E09000032,326474,39.22,64.9,37288,36.92743513787248,548.64,9.8,83.96244851871421,377.0689916987244,5.51636556319621,0.7900797165633303,FALSE
E09000033,255324,29.59,69.10000000000001,50910,43.69416824210238,487.01,11.4,71.52306422290557,418.8967837449646,5.09570115097047,0.9480812641083523,FALSE
